Data,Nazwa Zadania,Informacje szczegółowe na temat zmiany,Ilość godzin
2025-11-17,Zakładka Mailing - masowa wysyłka emaili powitalnych do wystawców,"Nowa zakładka 'Mailing' w sekcji Baza Danych umożliwiająca wysyłkę emaili powitalnych z nowymi hasłami do wystawców przypisanych do wybranej wystawy. Funkcjonalność: filtr wyboru wystawy, lista wystawców, przycisk wysyłki, progress bar z licznikiem w czasie rzeczywistym, szczegółowe podsumowanie wysyłki (sukces/błędy). Wykorzystuje istniejący backend endpoint /api/v1/bulk-emails/send-welcome-by-exhibition. Komponent MailingTab z pełnym interfejsem użytkownika i obsługą błędów.",4
2025-11-17,Opcjonalne wysyłanie emaili powitalnych do nowych wystawców,"Dodano checkbox 'Wyślij email z danymi logowania do wystawcy' w formularzu dodawania wystawcy. Administrator może teraz decydować czy wysłać email powitalny z hasłem podczas tworzenia nowego konta. Zmieniony backend aby obsługiwał parametr sendEmail i warunkowo wysyłał emaile. Odkomentowano wcześniej wyłączoną funkcjonalność wysyłania emaili. Zmodyfikowano interfejs AddExhibitorPayload, komponent AddExhibitorModal i endpoint POST /api/v1/exhibitors.",3
2025-11-17,Filtrowanie testowych wystawców w publicznych kanałach,"Dodano wykluczanie testowych kont wystawców (NIP 8212421851 lub nazwa zawierająca 'Mariusz Pieniak') ze wszystkich publicznych kanałów JSON i RSS. Modyfikacja 6 endpointów publicznych: feed.json, exhibitors, exhibitors.json, pojedynczy exhibitor JSON i RSS, oraz strona indeksu HTML. Testowe konta są niewidoczne dla zewnętrznych użytkowników ale pozostają dostępne w panelu administracyjnym.",2
2025-11-17,System logowania aktywności użytkowników,"Implementacja kompleksowego systemu logowania aktywności: utworzenie tabeli activity_logs w bazie danych z indeksami, utility function do logowania akcji, endpoint API z filtrowaniem po dacie i paginacją, integracja logowania dla wydarzeń (tworzenie, edycja, usuwanie) i wystawców (tworzenie, przypisanie do wydarzenia), komponent frontendowy LogsTab z tabelą i filtrami dat, dodanie nowej zakładki Logi w panelu Baza Danych. System śledzi kto, kiedy i jaką akcję wykonał na wydarzeniach i wystawcach.",8
2025-11-17,Separacja hashtagów i produktów między wydarzeniami,"Usunięto zaciąganie hashtagów i prezentowanych produktów z globalnych danych przy dodawaniu wystawcy do drugiego wydarzenia. Zmiany w 5 endpointach public.js i catalog.js. Każde wydarzenie ma teraz osobne hashtagi i produkty w publicznych feedach. W panelu wystawcy produkty pozostają widoczne (fallback do global) aby umożliwić edycję. Hashtagi bez fallback wszędzie. Poprawka błędu gdzie wystawcy nie widzieli swoich produktów w panelu po pierwszej implementacji.",5
2025-11-14,System wysyłki emaili powitalnych do wystawców,Dodano endpoint do masowego wysyłania emaili powitalnych do wystawców przypisanych do wybranego wydarzenia z instrukcjami logowania.,3
2025-11-07,System resetowania haseł dla wielu wydarzeń,"Dodano osobne endpointy do resetowania haseł dla wystawców wydarzeń BIO EXPO, GlobalFood i FOOD TECH EXPO z wysyłką emaili z nowymi hasłami.",6
2025-11-05,Funkcjonalność przypomnienia hasła dla wystawców,"Pełna implementacja systemu przypomnienia hasła dla wystawców w portalu webowym: interfejs użytkownika (okno dialogowe, walidacja), backend (endpoint reset-password), wysyłka emaili, dokumentacja. Poprawiono adresy URL panelu wystawców we wszystkich miejscach i w dokumentacji.",10
2025-11-05,Rozszerzenia panelu administracyjnego,"Dodano wyszukiwarkę po nazwisku, emailu i telefonie w sekcji Użytkownicy. Dodano automatyczne wykrywanie zmian w aplikacji webowej wystawców. Dodano informację kontaktową na stronie logowania.",5
2025-11-04,Rozbudowa systemu kodów QR do 4-cyfrowych identyfikatorów,"Kompletna rozbudowa systemu kodów QR do obsługi 4-cyfrowych identyfikatorów wystawców (kompatybilny wstecz z 3-cyfrowymi). Inteligentne dopasowywanie dla wszystkich wydarzeń, narzędzia diagnostyczne, automatyczna migracja bazy danych. Naprawiono 143 brakujące kody dostępu. Endpointy testowe, regeneracja kodów, obsługa dużych identyfikatorów. Pełne testowanie i debugowanie.",20
2025-11-03,Endpointy pobierania identyfikatorów PDF i weryfikacja QR,"Dodano endpointy do pobierania pojedynczych e-identyfikatorów PDF oraz pobierania masowego jako archiwum ZIP. System weryfikacji kodów QR zaproszeń. Rozszerzona dokumentacja techniczna. Debugging i logowanie generowania obrazów QR. Poprawiono wyświetlanie nazw hal z przypisań wystawców. Aktualizacja zależności projektowych.",12
2025-10-29,Zablokowanie edycji pola nazwa firmy w checkliście,Pole nazwa firmy w checkliście targowej jest teraz tylko do odczytu.,1
2025-10-28,Przeprojektowanie systemu słowników i zaproszeń,"Kompletne przeprojektowanie interfejsu słowników: edycja bezpośrednio w liście zamiast wyskakujących okien, lista ze stronicowaniem, przyciski akcji, dostosowanie czcionek, usunięcie nieużywanych funkcji. Dodano pełny panel administracyjny do zarządzania zaproszeniami z listą, edycją, filtrowaniem w zakładce Baza Danych. Naprawiono routing zaproszeń, doświadczenie użytkownika (stałe menu zakładek, responsywność), błąd serwera w endpoincie zapytań, przeskakiwanie strony przy przełączaniu zakładek.",16
2025-10-28,Edycja użytkowników i zmiana nazw pól,"Dodano przycisk Edytuj w tabeli użytkowników, okno dialogowe edycji z możliwością zmiany wszystkich danych włącznie z hasłem. Zmiana nazw pól w checkliście: Sektory technologiczne na Twoje Hashtagi, Branże (eventowe) na Sektory branżowe.",5
2025-10-23,Zablokowanie edycji pola email w checkliście,Zmiana etykiety i zablokowanie edycji pola email w checkliście targowej.,1
2025-10-21,System masowej wysyłki emaili powitalnych,Dodano system do masowej wysyłki emaili powitalnych do wystawców z instrukcjami logowania i danymi dostępowymi.,6
2025-10-20,Naprawa krytycznych błędów systemu katalogów,"Seria krytycznych poprawek: naprawiono mieszanie danych między wystawcami, mechanizm zapasowy produktów (specyficzne dla wydarzenia vs globalne), filtrowanie obrazów katalogowych w dokumentach, pola kontaktowe checklisty (całkowicie niezależne od starych danych wystawców), bezpieczne zapytania zwracające wartości puste gdy pole nie wypełnione, wycentrowanie nagłówka w zaproszeniach.",16
2025-10-20,Wsparcie dokumentów PDF w ramce i oddzielne pola kontaktowe,"Umożliwienie wyświetlania dokumentów PDF bezpośrednio w ramce na stronie. Dodanie oddzielnych pól kontaktowych dla checklisty targowej (osoba kontaktowa, telefon, email - oddzielne od danych rejestracyjnych wystawcy).",4
2025-10-17,Walidacja międzynarodowa i wymuszenie bezpiecznych połączeń,"Poprawka walidacji numeru telefonu dla numerów międzynarodowych. Wymuszenie bezpiecznych połączeń HTTPS dla wszystkich linków w systemie, dodano endpoint do podglądu dokumentów.",6
2025-10-16,Uniwersalne hasło administratora i rozdzielenie danych kontaktowych,"Implementacja uniwersalnego hasła administratora umożliwiającego logowanie na dowolne konto wystawcy w celach wsparcia technicznego. Dokumentacja bezpieczeństwa. Rozdzielenie danych kontaktowych z checklisty od danych osoby kontaktowej wystawcy. Poprawka linku do portalu w emailu resetującym hasło. Zmiana nazw pól w checkliście.",10
2025-10-16,Media społecznościowe jako osobne pola i wymuszenie bezpiecznych linków,"Przeprojektowanie systemu mediów społecznościowych: osobne pola dla każdej platformy (Facebook, Instagram, LinkedIn, YouTube, TikTok, X/Twitter) zamiast jednego pola. Automatyczna konwersja niezabezpieczonych linków HTTP na HTTPS. Aktualizacja interfejsu użytkownika i backendu z migracją bazy danych.",12
2025-10-15,Poprawki interfejsu użytkownika i walidacji,"Seria poprawek: walidacja numerów identyfikacji podatkowej (międzynarodowa), zapytania JSON (poprawne kodowanie znaków specjalnych), nazwy hal (dynamiczne wyświetlanie), walidacja plików (poprawne typy plików).",6
2025-10-14,Podpowiedzi dla przycisków usuwania wydarzeń,"Dodano podpowiedzi wyjaśniające różnicę między Usuń przypisanie a Usuń wystawę dla przycisków usuwania. Zmiana opisów przycisków.",3
2025-10-13,Wsparcie międzynarodowe dla telefonów i kodów pocztowych,Dodano obsługę międzynarodowych numerów telefonów z wyborem kraju oraz zagranicznych kodów pocztowych.,8
2025-10-10,Obsługa zagranicznych numerów identyfikacji podatkowej,Dodano obsługę zagranicznych numerów VAT przy dodawaniu wystawców (nie tylko polskie NIP).,4
2025-10-08,Seria poprawek portalu webowego wystawców,"Naprawiono kolejność definicji typów w kodzie, przekazywanie typu uczestnika do dokumentów PDF, adresy URL logo w zaproszeniach, poprawne linki do logo, walidacja dokumentów PDF dla obrazów katalogowych, poprawki formatowania danych JSON i walidacji plików.",8
2025-10-07,Naprawa kompleksowego systemu obrazów produktów,"Kompletna naprawa obsługi obrazów produktów: konwersja z osadzonych danych na wysyłanie plików przez dedykowane endpointy, poprawne adresy URL w publicznych zapytaniach, obrazy w checkliście, obrazy katalogowe w schemacie bazy danych z ograniczeniami, serwowanie z poprawnej ścieżki, dodanie do definicji typów w interfejsie, filtrowanie obrazów katalogowych z listy materiałów do pobrania.",16
2025-10-07,Publiczny endpoint danych JSON i naprawa limitu zaproszeń,"Dodano publiczny endpoint JSON ze wszystkimi wystawcami dla danego wydarzenia z dokumentacją techniczną. Poprawka liczenia limitu zaproszeń - pobieranie rzeczywistego limitu z backendu zamiast liczby wysłanych. Naprawa kolorów daty i godziny w wydarzeniach targowych.",6
2025-10-06,Seria poprawek checklisty i filtrowanie komunikatów,"Naprawa licznika postępu checklisty, wyświetlania branż, typów identyfikatorów elektronicznych (mapowanie pozycji), układu stopki zaproszeń, wyszukiwania po numerze NIP, formatowania daty i godziny wydarzeń. Filtrowanie komunikatów aby pokazywać wystawcom tylko wiadomości utworzone przez administratorów. Tymczasowe wyłączenie emaili powitalnych dla nowych kont.",10
2025-10-06,Serwowanie grafik jako adresy URL,"Naprawa serwowania grafik jako pełne adresy URL zamiast osadzonych danych. Wyłączenie automatycznej zmiany ról nadpisujących role administratorów.",3
2025-10-02,Historia komunikatów i linki do planów targowych,"Dodano wyświetlanie historii komunikatów w informacjach targowych. Backend dla linków do planów targowych. Optymalizacja wydajności wysyłania dokumentów brandingowych.",6
2025-10-02,Poprawki interfejsu użytkownika wydarzeń i limitu zaproszeń,"Seria poprawek: przycisk Wszystkie dni (szerokość, wyświetlanie), rozmiary czcionek (zmniejszone o połowę), kolory (przywrócone pomarańczowe), wyświetlanie dat i godzin. Naprawa ładowania limitu zaproszeń w portalu wystawców. Wymuszenie przebudowy interfejsu dla wdrożenia.",6
2025-10-01,System limitów zaproszeń dla wystawców,"Dodano kompletny system zarządzania limitami zaproszeń dla wystawców: backend (tabela limitów zaproszeń, endpointy), panel administracyjny, portal webowy (interfejs użytkownika, walidacja), wyświetlanie limitów w checkliście.",10
2025-10-01,System agend wydarzeń i filtrowanie,"Dodano filtrowanie agend wydarzeń targowych (pole w agendzie), przełączanie wydarzeń w agendzie, wyświetlanie logo wystawcy w harmonogramie wydarzeń, naprawa wyświetlania logo wystawcy, logi debugowania. Dodanie wydarzeń z agendy do harmonogramu wystawcy w checkliście. Naprawa brakujących pól w mapowaniu danych.",12
2025-10-01,Poprawki kalendarza i interfejsu użytkownika wydarzeń,"Usunięto ograniczenia dat z kalendarza wydarzeń oficjalnych. Poprawki interfejsu: wyrównanie przycisków, przepełnienie tekstu, stylowanie zakładek, mniejsze zakładki. Wymuszenie przebudowy wdrożenia.",4
2025-10-01,System wydarzeń targowych - źródło i usuwanie,"Dodano pole źródła wydarzenia do rozróżniania miejsca utworzenia (panel administratora vs wystawca). Funkcjonalność usuwania wydarzeń w panelu administracyjnym. Filtrowanie - wystawca widzi tylko swoje wydarzenia (wykluczenie globalnych wydarzeń administratora). Debugowanie formatowania dat i usuwania wydarzeń. Naprawa złączeń zapytań SQL. Migracja pola źródła. Wyświetlanie numerów stoisk.",10
2025-10-01,Poprawa układu formularzy wydarzeń,Ulepszenie układu i stylowania formularzy wydarzeń targowych. Naprawa nieużywanych zmiennych. Usunięcie nieużywanych importów.,2
2025-10-01,Filtrowanie wydarzeń zabudowy targowej,"Filtrowanie globalnych wydarzeń zabudowy targowej (widoczne dla wszystkich wystawców vs per wystawca). Logi debugowania, poprawki formatowania dat (naprawa strefy czasowej UTC), sortowanie po godzinie, widoczność (pomarańczowy kolor).",6
2025-10-01,Kompleksowy refaktoring systemu dokumentów wystawcy,"Kompleksowy refaktoring systemu dokumentów: oznaczanie źródła dokumentu, filtrowanie dokumentów dla portalu (wystawca vs przesłane przez administratora), separacja dokumentów w różnych widokach (materiały checklisty vs dokumenty portalu vs katalog administratora), obsługa kategorii, mapowanie osoby przesyłającej do użytkowników, funkcje pomocnicze brandingu wystawcy, usuwanie własnych materiałów, filtr tylko własne.",24
2025-10-01,Skracanie nazw plików i wydarzenia na stoisku,"Skrócono długie nazwy plików w materiałach marketingowych (obcięcie długich nazw). Wydarzenia na stoisku wyświetlane w Informacjach targowych. Naprawiono wyświetlanie tagów produktów w panelu administracyjnym, materiałów po przesłaniu, obsługę błędów przy dodawaniu materiałów.",6
2025-10-01,Logo wystawcy tylko z checklisty,Logo wystawcy teraz pobierane TYLKO z checklisty (katalog) zamiast z wielu źródeł zapasowych.,2
2025-09-30,Zabezpieczenie bazy danych i konfiguracja wdrożenia,"Zabezpieczenie zdalnej bazy danych w środowisku deweloperskim, warunkowa inicjalizacja bazy danych przy starcie (produkcja idempotentna), konfiguracja portów, pliki ignorowane przy budowaniu dla przyspieszenia wdrożeń.",4
2025-09-30,System brandingu wydarzeń - loga i nagłówki,"Dodano pola brandingu: logo na kafel (logo kołowe z tłem), nagłówek mailingowy 800x300px, logo wydarzenia. Renderowanie w różnych miejscach aplikacji (kafelki pulpitu, strony wydarzeń, kafelki administratora, kafelki portalu wystawcy, emaile mailingowe). Hierarchia logo: logo kafelka vs logo wydarzenia vs logo katalogowe. Mechanizmy zapasowe i poprawne ścieżki.",14
2025-09-30,System zdjęć profilowych użytkowników,"Dodano przesyłanie i wyświetlanie zdjęć profilowych użytkowników: backend (endpointy przesyłania i serwowania), interfejs użytkownika (okna dialogowe dodawania i edycji użytkownika), wyświetlanie w różnych miejscach aplikacji (nagłówek powitalny, lista, karta wystawcy, strona dokumentów - opiekun). Prawdziwe zdjęcia profilowe serwowane przez dedykowany endpoint.",10
2025-09-30,Selektor kraju dla numerów telefonów,"Dodano selektor kraju dla numerów telefonów z międzynarodowym formatowaniem (komponent wyboru kraju i telefonu). Akcja edycji wydarzenia wystawcy. Endpoint resetowania hasła wystawcy. Podpięcie interfejsu użytkownika. Naprawa właściwości dla ścisłych typów opcjonalnych.",8
2025-09-30,System komunikatów rozsyłanych i kalendarz po polsku,"Endpoint i interfejs administratora do wysyłania komunikatów rozsyłanych do wszystkich wystawców (wiadomość informacji targowej) z logowaniem do wiadomości. Kalendarz wydarzeń po polsku z lokalną walidacją daty (komunikaty, zakres minimalny i maksymalny, obsługa lokalnych dat).",8
2025-09-30,System wiadomości dla nagród targowych i identyfikatorów elektronicznych,"Persystencja wielu wiadomości od administratora per wystawca i wydarzenie (wiadomości nagród). Lista w interfejsie użytkownika i dodawanie. Dynamiczne ładowanie identyfikatorów elektronicznych wystawcy dla wydarzenia z backendu, dynamiczny licznik. Usunięcie nieużywanych stanów ładowania i błędów.",8
2025-09-30,System zaproszeń - dynamiczne liczenie i podgląd,"Dynamiczne liczenie wysłanych zaproszeń - pobieranie listy odbiorców dla wydarzenia i renderowanie w komponentach zaproszeń. Ukrycie kontrolek limitu. Podpięcie identyfikatora wydarzenia. Wartość VIP z szablonów zaproszeń. Usunięcie zapasowych danych przykładowych. Naprawa nieużywanych importów dla kompilacji.",8
2025-09-30,Edytor tekstu z bezpośrednią edycją treści,"Przełączenie na edytor z bezpośrednią edycją treści (pogrubienie, kursywa, podkreślenie). Liczenie długości tekstu bez formatowania. Znacznik zastępczy. Naprawa zależności warunków reakcji. Włączone akcje paska narzędzi edytora.",6
2025-09-29,System masowej wysyłki zaproszeń z pliku CSV,"Dodano przepływ masowej wysyłki zaproszeń z pliku CSV: okno dialogowe masowej wysyłki, parsowanie pliku CSV, śledzenie postępu, przycisk pobierania wzoru CSV, ponowne użycie pojedynczego endpointu wysyłki dla każdego wiersza. Przełącznik użycia bieżącego podglądu. Przekazywanie treści podglądu HTML i identyfikatora szablonu. Naprawa ścisłych typów opcjonalnych.",12
2025-09-29,Wysyłka dokumentów wystawcy emailem,"System wysyłania dokumentu wystawcy emailem (wysyłka wiadomości z dokumentem wystawcy) z logowaniem do wiadomości. Naprawa nawigacji kafelka bazy danych na pulpicie.",4
2025-09-29,Linkowanie kafelków i poprawki usuwania,"Dodano linki z kafelków wydarzeń do odpowiednich sekcji (Materiały marketingowe, Generator zaproszeń). Transakcyjne usuwanie użytkowników z czyszczeniem kluczy obcych (uniknięcie błędów serwera). Ukrycie akcji w zaproszeniach (wyślij masowo, zarządzanie odbiorcami).",4
2025-09-29,Zarządzanie rolami użytkowników i logowanie wystawcy,"Poprawki zarządzania rolami: zachowanie roli wystawca dla odpowiednich użytkowników, upgrade tylko użytkowników niebędących wystawcami do administratora przy inicjalizacji (bezpieczne dla wdrożenia), wymuszenie roli administratora przy dodawaniu użytkownika. Mechanizm zapasowy logowania wystawcy z synchronizacją między tabelami. Przywrócenie: zachowanie oddzielnych tabel użytkowników i wystawców (bez zapasowego mechanizmu, zwracanie błędu autoryzacji).",8
2025-09-26,Scalenie gałęzi rozwojowej i poprawki interfejsu,"Scalenie gałęzi rozwojowej: rozwiązanie konfliktów w menu, karty identyfikatorów elektronicznych (zachowanie kodu QR i stylowania), karty zaproszeń (zachowanie listy i tytułu), strona checklisty (scalenie układu strukturalnego, maksymalna szerokość, style najechania). Wyrównanie filtrów i przycisków bazy danych, okna dialogowe stylowane jak dodaj wydarzenie. Portal wystawców: ukrycie następnego zadania, wezwania do działania, podglądu, dynamiczny odliczacz, usunięcie statycznych znaczników.",8
2025-09-25,System generowania dokumentów PDF identyfikatorów z polską czcionką,"Kompleksowy refaktoring generowania dokumentów PDF identyfikatorów elektronicznych: osadzenie polskiej czcionki przez bufor (Roboto), zawijanie tekstu, loga nagłówka i stopki specyficzne dla wystawcy, niezawodne osadzanie obrazów (konwersja do PNG przez bibliotekę przetwarzania obrazów), preferowanie kolorowego tła z logo wydarzenia przy generowaniu identyfikatora. Zunifikowany builder używany we wszystkich przepływach (wysyłka zaproszeń i portal wystawcy). Automatyczne generowanie identyfikatora elektronicznego przy wysyłce zaproszenia (rola Gość, zapis do osób wystawcy, załączenie PDF do emaila). Dodanie zależności do przetwarzania obrazów.",20
2025-09-24,System słowników i edycji wydarzeń,"Edytowalne słowniki dla pól wydarzeń i typów zabudowy, dynamiczne listy wyboru, okna dialogowe bazy danych (dodaj słownik), endpointy backendowe. Edycja wydarzeń - włączenie edycji z listy do wstępnego wypełnienia formularza, normalizacja wstępnego wypełnienia, poprawne przekazywanie identyfikatora wystawcy. Naprawa pól stoiska w zaproszeniach, wyrównanie etykiety identyfikatora, poprawna obsługa duplikatów emaili dla wystawców.",16
2025-09-24,Edytowalny podgląd zaproszeń z brandingiem,"Edytowalny podgląd zaproszeń w stylu edytora treści, minimalny pasek narzędzi, nagłówek brandingowy w podglądzie i emailu (budowanie bezwzględnego adresu URL używając bazowego URL lub hosta żądania), mapowanie korzyści według treści, naprawa stabilności edytora, kodowanie znaków specjalnych HTML. Przycisk sprawdź wiadomość (wyłączony do momentu walidacji formularza).",12
2025-09-24,System kodów dostępu i kodów QR dla identyfikatorów elektronicznych,"Generowanie i przechowywanie kodów dostępu dla identyfikatorów elektronicznych według specyfikacji (zawiera nazwę wystawy), renderowanie i pobieranie kodów QR przez bibliotekę kodów QR (z definicjami typów), persystencja kodu QR jako URL danych z osobą, przesyłanie PNG kodu QR jako dokument wystawcy, wyświetlanie w tabeli, włączenie przycisku pobierania. Backend akceptuje kod dostępu i URL danych PNG QR, osadza kod QR w PDF, dołącza PNG kodu QR do emaila jeśli dostarczony. Usunięcie zależności od biblioteki kodów QR, renderowanie przez zewnętrzną usługę. Email zawiera tylko PDF (QR osadzony), usunięcie oddzielnego załącznika PNG.",16
2025-09-24,System wiadomości powiązanych z wydarzeniem i dokumentów,"Dodano kanał wiadomości dla wydarzenia (branding, informacje targowe, wydarzenia) i podpięcie strony wiadomości wydarzenia do backendu (kanał wiadomości powiązany z wydarzeniem). Stopka strony dokumentów pokazuje przypisanego opiekuna (imię, telefon, email) przez system informacji targowych. Pokazywanie identyfikatora wydarzenia pod marką w karcie pojedynczego wydarzenia (automatyczna wysokość). Strona checklisty: pokazywanie listy wysłanych zaproszeń bezpośrednio, synchronizacja z backendem, licznik, link do strony zaproszeń. Przycisk karty identyfikatora nawiguje do zakładki zaproszeń wydarzenia.",10
2025-09-23,Pole wartości VIP w zaproszeniach i integracja interfejsu,"Dodano pole wartości VIP w formularz zaproszeń: pole formularza interfejsu, persystencja przez backend, backend (zapewnienie kolumny w bazie danych i kontroler). Zapewnienie kolumny wartości VIP w szablonach zaproszeń w produkcji przez bezpieczne dodanie kolumny. Przeniesienie sekcji dodawania nowej korzyści nad listę. Usunięcie dodatkowego przycisku Zapisz. Zaproszenia testowe używają istniejącego szablonu, wymagają zapisanego identyfikatora szablonu jeśli nie administrator. Integracja nowych interfejsów użytkownika (wiadomości, strona informacji targowych, podpięcie systemu wydarzeń targowych) do portalu webowego wystawców i panelu administracyjnego.",12
2025-09-23,Publiczne kanały danych JSON i RSS,"Dodano publiczne kanały danych JSON i RSS dla wystawców (publiczny RSS, publiczne wystawy, wystawcy), parametr czytelnego formatowania dla lepszej czytelności, strona indeksu listująca wydarzenia i wystawców z linkami do kanałów. Identyfikatory elektroniczne w kanałach. Publiczne kanały używają publicznych adresów URL do pobierania, dodano publiczny endpoint pobierania.",10
2025-09-11,Autouzupełnianie danych z numeru NIP przez usługę GUS,"Implementacja autouzupełniania danych wystawcy z numeru NIP przez publiczny system GUS: ścieżka backendu do usługi GUS, podpięcie okien dialogowych dodawania i edycji, dostosowanie logiki, obsługa błędów. Stabilizacja zapytań listy wystawców.",12
2025-09-10,Zakresowanie katalogów i nowe pola,"Poprawka aby dane informacji firmowych katalogów były zakresowane do bieżącego wystawcy (bez przenoszenia danych między użytkowniami). Dodano pole dlaczego warto odwiedzić: scalenie globalnego z wydarzeniowym przy pobieraniu, interfejs użytkownika portalu webowego i wsparcie backendowe. Usuwanie prezentowanych produktów (interfejs użytkownika, logika backendowa, endpoint usuwania). Użycie ikony kosza z zasobów projektu. Spełnienie zależności warunków reakcji i wyrażeń regularnych dla kompilacji.",8
2025-09-10,System mediów społecznościowych rozszerzony i marki,"Doświadczenie użytkownika mediów społecznościowych (dodano TikTok i X/Twitter), pola marek i nazwy wyświetlanej, integracja katalogów w aplikacjach. Backend pola marek i nazwy wyświetlanej plus endpointy marek. Naprawa rozmiaru ikony usuwania.",10
2025-09-08,System kanałów RSS i tagów z autouzupełnianiem,"Dodano publiczny kanał RSS i listing wystawców, strony RSS w portalu webowym i panelu administracyjnym. Checklista: zapisywanie nowych tagów, edycja produktu po kliknięciu z podglądem miniatury, backend aktualizacja produktu przez indeks, drobne poprawki (duplikaty kluczy). System tagów: autouzupełnianie i interfejs chipów, persystencja tagów katalogowych, użycie sugestii przez dedykowany endpoint, optymistyczne aktualizacje, poszerzenie pól wprowadzania.",16
2025-09-07,Konfiguracja mechanizmu współdzielenia zasobów i bazowego URL,"Mechanizm współdzielenia zasobów między źródłami: echo źródła, zezwolenie na dane uwierzytelniające, metody, nagłówki, skrócenie obsługi wstępnych żądań, zezwolenie na domenę panelu administracyjnego. Produkcyjny bazowy URL wskazuje na zmienną środowiskową wdrożenia z wartością domyślną. Naprawa kompilacji (usunięcie niepotrzebnych zależności w wywołaniach zwrotnych). Wyzwolenie wdrożenia.",4
2025-09-07,System załączników i korzyści w zaproszeniach,"Zaproszenia: wstępne wypełnienie edycji, załączniki jako linki do pobrania. Korzyści: ścieżki CRUD i kontroler, poprawki czcionek listy w interfejsie. Naprawa zapytania szczegółów zaproszenia w backendzie. Rejestracja ścieżek materiałów marketingowych. Pokazywanie kontrolki usuwania dla pustych wpisów planu targowego. Zapobieganie duplikatom przesyłanych planów targowych. Diagnostyka. Zapobieganie rozszerzaniu kontenera przez listę rozwijaną wyboru (pozycjonowanie bezwzględne listy rozwijanej).",12
2025-09-06,Poprawki planu targowego i autozapisu,"Zapobieganie duplikatom przesyłania planów targowych przez stabilizację zależności efektu autozapisu. Spełnienie zależności efektów w wydarzeniach targowych dla kompilacji. Zapobieganie rozszerzaniu kontenera przez listę rozwijaną wyboru (pozycjonowanie bezwzględne listy rozwijanej). Scalenie gałęzi rozwojowej: zachowanie wszystkich funkcjonalności, przyjęcie poprawek interfejsu, rozwiązanie konfliktów w danych przykładowych (dodanie grupowania powiadomień odbiorczych).",8
2025-09-04,System planu targowego z autozapisem,"Plan targowy: wyświetlanie oryginalnej nazwy z backendu po przesłaniu, zachowanie nazewnictwa przy pobieraniu, przepływ autozapisu (definicja obsługi zapisu przed efektami, aktualizacja zależności), ukrycie ręcznych przycisków, naprawa nazwy pola w logice backendu, usunięcie scalania z lokalnym magazynem, dodanie interfejsu pobierania i usuwania, solidna obsługa nazw plików, czyszczenie logów. Naprawa kompilacji (usunięcie obsługi dodawania hali z zależności, wbudowanie autozapisu, identyfikator przestrzeni oparty na pozycji dla pobierania, zachowanie przepływu zapisu zrzutu).",12
2025-09-04,Oficjalne wydarzenia targowe - lista i normalizacja,"Lista oficjalnych wydarzeń pod Wybierz dzień targów, normalizacja dat i czasów (poprawka pobierania dni między datami bez strefy czasowej UTC), widoczność (pomarańczowy kolor), sortowanie po godzinie, logi debugowania, poprawki wymogów narzędzi kontroli jakości kodu. Naprawa filtrowania pierwszego dnia.",8
2025-09-04,System wydarzeń zabudowy targowej - CRUD i autozapis,"Informacje targowe: przebudowa sekcji wydarzeń zabudowy (typ, data, czas), ładowanie i lista przez system wydarzeń targowych, naprawa wyświetlania daty i czasu. Przepływ autozapisu, definicja obsługi zapisu przed efektami, usunięcie duplikatowej deklaracji. Aktualizacja zależności dla kompilacji (memoizacja z wywołaniem zwrotnym). Domyślna data zabudowy do daty startu wystawy gdy pusta. Aplikacja: włączenie przyszłych flag routera wersji 7. Usunięcie logów debugowania z treści brandingowych. Usunięcie nieużywanych wstępnych ładowań publicznych.",12
2025-09-04,Scalenie gałęzi rozwojowej szczegółów wydarzeń z funkcjonalnością,"Integracja interfejsu użytkownika gałęzi rozwojowej szczegółów wydarzeń zachowując bieżącą funkcjonalność. Rozwiązanie konfliktów w komponencie akcji, treści wydarzeń, stylach, danych przykładowych. Usunięcie przestarzałej strony szczegółów wydarzenia. Wyrównanie właściwości wydarzeń targowych. Usunięcie nieużywanych obsług i importów. Usunięcie nadmiarowego bloku i konsoli. Aktualizacja opcji typu oficjalnego wydarzenia. Usunięcie logów debugowania w interfejsie i ograniczenie logów backendu.",10
2025-09-04,Walidacja dat bezpieczna dla stref czasowych i logowanie,"Solidna obsługa konwersji na samą datę dla instancji dat i wariantów tekstowych aby uniknąć fałszywych błędów zakresu we wdrożeniu. Bezpieczna dla strefy czasowej walidacja i przechowywanie samej daty dla daty wydarzenia przy tworzeniu i aktualizacji. Dodano szczegółowe logi interfejsu i backendu (wydarzenia zabudowy, wywołania systemu wydarzeń targowych) aby debugować problemy we wdrożeniu z datami.",6
2025-09-03,Wydarzenia targowe i przebudowa wydarzeń zabudowy,"Wydarzenia targowe: przewinięcie do formularza edycji przy kliknięciu edytuj (płynne przewijanie). Informacje targowe: dodanie opcji Zabudowa targowa Ptak Expo do opcji dni zabudowy. Przebudowa sekcji wydarzeń zabudowy (typ, data, czas), ładowanie i lista przez system wydarzeń targowych, naprawa wyświetlania daty i czasu.",8
2025-09-03,Wieloplikowe dokumenty brandingowe,"Włączenie wieloplikowych dokumentów brandingowych: baza danych zamiana starych unikalnych indeksów na częściowe unikalne wykluczające dokumenty brandingowe, backend zatrzymanie starego usuwania (zachowanie czyszczenia pojedynczych plików tylko dla typów niedokumentowych), interfejs renderowanie pełnej listy PDF i klikalnych nazw oraz czyszczenie logów. Finalizacja wieloplikowych dokumentów (indeksy bazy danych, kontroler i czyszczenie interfejsu).",8
2025-09-02,System edycji wydarzeń i persystencja typu zabudowy,"Włączenie edycji z listy do wstępnego wypełnienia formularza dodawania wydarzeń na stronie wystawcy. Logi przepływu edycji i normalizacja wstępnego wypełnienia, naprawa typów, logi aktualizacji backendu. Informacje targowe: persystencja wartości typu zabudowy i naprawa normalizacji czasu, autozapis interfejsu, poprawki wydarzeń targowych, style. Rozwiązanie konfliktów i finalizacja integracji interfejsu. Scalenie zmian interfejsu gałęzi rozwojowej szczegółów wydarzeń, zachowanie logiki backendu i funkcjonalności.",10
2025-09-01,System słowników tagów katalogowych i produktów,"Dodano słownik tagów katalogowych, endpointy backendu (słowniki tagów katalogowych), autouzupełnianie w portalu webowym dla tagów produktów. Globalne pole tagów katalogowych, pipeline tagów produktów i renderowanie, naprawa duplikatów kluczy, ulepszenia persystencji checklisty.",10
2025-09-01,Reintegracja logiki checklisty i scalenie listy targowej,"Portal webowy: reintegracja logiki checklisty do backendu (system checklisty), persystencja identyfikatorów elektronicznych i materiałów, naprawa emaila, ostrzeżenia o kluczach. Scalenie gałęzi listy targowej do głównej: preferowanie gałęzi funkcjonalnej przy konfliktujących plikach. Portal webowy: usunięcie przebłąkanego Brak pod kartą identyfikatorów elektronicznych.",10
2025-09-01,Karta identyfikatorów elektronicznych i osoby wystawcy per wydarzenie,"Portal webowy: ulepszenia kontrastu interfejsu karty identyfikatorów elektronicznych. Dodanie osób wystawcy per wydarzenie (tabela osób wystawcy per identyfikator wystawy). Backend: tabela osób wystawcy i endpointy (pobieranie, tworzenie, usuwanie osób wystawcy). Solidna obsługa identyfikatora wystawy. Portal webowy odczytuje identyfikator wydarzenia z URL. Ulepszenia walidacji emaila. Lepsza obsługa pustego wprowadzenia emaila. Dodanie funkcjonalności identyfikatorów elektronicznych.",12
2025-09-01,Czyszczenie ikon i poprawki pól wyboru,"Czyszczenie ikon (usunięcie duplikatów, naprawa importów). Poprawki pól wyboru. Więcej poprawek ikon.",2
2025-08-31,Przesyłanie logo wydarzenia i opiekun,"Interfejs: zapewnienie że widoki wystawcy ładują logo wydarzenia (zakresowane do wystawcy do globalnego), karta pojedynczego wydarzenia rozwiązuje logo dynamicznie. Przesyłanie logo wydarzenia i pole opiekuna. Baza danych: identyfikator użytkownika opiekuna w przypisaniach wystawców do wydarzeń. Backend: endpointy brandingu i udostępnienie logo wydarzenia. Rozwiązanie zależności wymogów narzędzi jakości kodu (usunięcie wywołania zwrotnego z obsługi przesyłania, naprawa walidacji wszystkich w dodawaniu wydarzeń).",10
2025-08-31,Wydarzenia targowe dla administratora i walidacja dat,"Portal webowy: pokazywanie wydarzeń targowych dla administratora (bez filtru wystawcy), naprawa walidacji dodawania wydarzenia. Interfejs: domyślne wartości formularza dodawania wydarzenia, walidacja zakresu dat wystawy. Backend: naprawa bloku try-catch dokumentów wystawcy. Różne: zapewnienie lokalnych portów 3000, 3001, 3002. Warunkowe przekazywanie właściwości minimalnej i maksymalnej daty dla kalendarza dat (definicja typu). Dodano domyślne czasy startu i końca dla wydarzeń targowych (uniknięcie błędów żądania).",8
2025-08-31,Trwałe przesyłanie plików przez wolumin wdrożeniowy i naprawa czcionek,"Backend: wsparcie trwałego przesyłania przez katalog przesyłania dla brandingu i dokumentów wystawcy (bezpieczne dla woluminu wdrożeniowego). Naprawa błędu we wdrożeniu (katalog tymczasowy na katalogu przesyłania, zapasowa zmiana nazwy). Przekierowanie przesyłania przez katalog przesyłania. Usunięcie importów czcionek zewnętrznych (uniknięcie błędów we wdrożeniu). Serwowanie przezroczystego PNG gdy plik brandingu brakuje (uniknięcie błędów brakującego pliku).",8
2025-08-29,Komponenty checklisty i system materiałów,"Portal webowy: włączenie wpisów menu informacji targowych, zmiana nazwy kafelka domowego na Checklista targowa z nawigacją. Naprawa importów wrażliwych na wielkość liter dla wdrożenia. Scalenie: rozwiązanie konfliktu w kontekście checklisty (użycie systemu checklisty, włączenie dodawania identyfikatora elektronicznego). Portal webowy: wyłączenie kafelka informacji targowych w menu domowym wydarzenia. Początkowa praca nad materiałami, dodawanie i wyświetlanie materiałów (z pobieraniem), ułatwione dodawanie materiału, naprawa obsługi dat, uczynienie chipu mniejszym i dodanie sortowania do przykładowego interfejsu backendowego.",14
2025-08-29,Produkty katalogowe w formacie JSON i podgląd logo,"Katalog: pole produktów zmienione na format JSON, integracja portalu webowego i interfejsu, funkcjonalność podglądu logo, poprawki logiki backendu (tworzenie, aktualizacja, usuwanie produktów), czyszczenie logów. Wyświetlanie produktów, dodawanie produktu, naprawa koloru wyświetlania przycisku.",10
2025-08-29,Pobieranie i aktualizacja danych własnych wystawcy i routing,"Naprawa kolejności routingu wystawców (musi być PRZED trasami z identyfikatorem). Dodanie endpointów pobierania i aktualizacji własnych danych wystawcy. Czyszczenie duplikatów tras. Naprawa atrybutów w grafice wektorowej portalu webowego (notacja wielbłądzia). Aktualizacja ścieżek importu z systemu checklisty w nowych komponentach.",6
2025-08-28,Wyświetlanie wydarzeń i zachowanie wyboru w checkliście,"Wyświetlanie wydarzeń w checkliście. Dodawanie wydarzeń do checklisty. Naprawa zachowania wyboru. Naprawa obsługi daty dla wydarzeń.",6
2025-08-28,Scalenie gałęzi listy targowej materiały,"Scalenie gałęzi listy targowej: dodanie nowych komponentów checklisty, funkcjonalności materiałów, naprawa obsługi dat, początkowa praca nad materiałami.",4
2025-08-28,Komponenty checklisty i zielone znaczniki,"Dodanie komponentów checklisty (informacje firmowe, produkty, wydarzenia, materiały, karta identyfikatorów elektronicznych, karta zaproszeń), naprawa pozycjonowania układu wydarzenia. Początkowa edycja firmy. Zielone znaczniki. Naprawa stylów.",8
2025-08-27,Ekstrakcja zakładek strony szczegółów wydarzenia do komponentów,"Interfejs: ekstrakcja zakładki powiadomień push (treść powiadomień push), zakładki wydarzeń targowych (treść wydarzeń targowych), zakładki zaproszeń (treść zaproszeń), zakładki informacji targowych (treść informacji targowych) do osobnych komponentów. Podpięcie wszystkich do strony szczegółów wydarzenia. Ustawienie trasy wydarzeń do użycia projektu strony wydarzeń. Naprawa wymogów modalnych dla kompilacji. Naprawa routingu, nieużywanej zmiennej. Naprawa połączenia z komponentem strony wydarzeń.",12
2025-08-27,Ekstrakcja komponentu zakładki brandingu,"Ekstrakcja zakładki brandingu do komponentu treści brandingu i arkusza stylów. Podpięcie do strony szczegółów wydarzenia. Panel administracyjny brandingu wystawy. Naprawa stylów.",4
2025-08-26,Dostosowania układu wydarzenia i zakresowanie wydarzeń targowych,"Portal webowy: dostosowania układu wydarzenia (wewnętrzna skala 0.95, przesunięcie lewe -40px, margines prawej treści -240px). Wydarzenia targowe: zakresowanie według wystawcy, dodanie endpointu usuwania, przekazywanie identyfikatora wystawcy w interfejsie, natychmiastowe dołączanie przy tworzeniu, ukrycie sekcji zaproszeń. Aktualizacja dokumentacji technicznej. Menu do kart wydarzeń.",8
2025-08-26,Zasoby checklisty i przesyłanie logo wydarzenia i opiekun,"Portal webowy: zasoby checklisty, nagłówek identyfikatora, ikony. Interfejs: przesyłanie logo wydarzenia i opiekun. Backend: endpointy brandingu (pobieranie, tworzenie, usuwanie brandingu wydarzeń), udostępnienie logo wydarzenia w wystawach. Baza danych: identyfikator użytkownika opiekuna w przypisaniach wystawców do wydarzeń. Panel administracyjny inicjalizacji wydarzenia. Naprawa tła.",12
2025-08-26,Ujednolicenie lewej kolumny i usuwanie przypisania wystawcy do wydarzenia,"Portal webowy: ujednolicenie lewej kolumny na stronach wydarzeń (komponent lewej kolumny wydarzenia), dostosowania szerokości i odstępów wiadomości, strona domowa wydarzenia z prawdziwymi danymi i obliczaniem pozostałych dni, identyfikator używa prawdziwych danych z systemu, strona dokumentów używa nowej lewej kolumny z zielonym tłem. Ukrycie kafelka checklisty, wyłączenie informacji targowych w menu. Endpoint i podpięcie usuwania przypisania wystawcy do wydarzenia. Drobne ulepszenia interfejsu (link powrotu). Opóźnienie menu hamburger, zmiana punktu przełączania szuflady na 1100px.",12
2025-08-25,Scalenie gałęzi rozwojowej panelu i wersjonowanie,"Scalenie gałęzi rozwojowej panelu administracyjnego do gałęzi testowej: rozwiązanie konfliktów przyjmując ich wersję dla krótkiej strony karty wystawcy i nagród targowych wystawcy, naszą wersję dla okna dodawania wydarzenia do wystawcy. Dodanie grafiki potwierdzenia usunięcia. Uzupełnienie stylów. Zwiększenie wersji do 0.2.0 i dodanie dziennika zmian dla portalu webowego wystawców i interfejsu administracyjnego.",6
2025-08-25,Widoki wiadomości i identyfikatora jeden do jeden z projektem,"Portal webowy: dodanie widoków wiadomości i identyfikatora jeden do jeden z projektem graficznym, wyrównanie układu i motywu, aktualizacje menu. Wyrównanie interfejsu użytkownika strony domowej wydarzenia z prototypem (banner awatara, karta planowanego wydarzenia, karta postępu checklisty, menu domowe wydarzenia).",8
2025-08-25,Strona domowa wydarzenia i układ wydarzenia oraz routing,"Portal webowy: dodanie strony domowej wydarzenia i struktury układu wydarzenia, aktualizacja menu, przekierowanie logowania. Przekierowanie trasy domowej do wydarzenia, aktualizacja nawigacji pulpitu. Naprawa nieużywanego parametru w obsłudze zmiany kalendarza.",6
2025-08-22,Dodanie stron wydarzenia,"Dodano nowe strony: strona domowa wydarzenia, wiadomości wydarzenia, identyfikator wydarzenia do portalu webowego.",4
2025-08-21,Dodawanie wydarzenia do wystawcy i scalenie gałęzi rozwojowej panelu,"Scalenie aktualizacji z gałęzi rozwojowej panelu administracyjnego do interfejsu. Naprawa kompilacji (poprawne zależności wywołania zwrotnego, wywołanie akcji dodawania wydarzenia do wystawcy). Funkcjonalność dodawania wydarzenia do wystawcy. Do testów. Commit dodawania wydarzenia do wystawcy. Inicjalizacja interfejsu.",10
2025-08-20,Kompleksowa dokumentacja techniczna OpenAPI,"Dodano interfejs dokumentacji Swagger do backendu i udostępnienie plików YAML i JSON dla wdrożenia. Strona dokumentacji w interfejsie. Rozszerzona specyfikacja OpenAPI pokrywająca: autoryzację, użytkowników, wystawców, wystawy, przypisania wystawców do wydarzeń, dokumenty wystawców, katalog, informacje targowe, wydarzenia targowe, branding wystawców. Początkowa specyfikacja i iteracyjne rozszerzanie. Dokumentacja dla wdrożenia.",16
2025-08-20,Przesyłanie listy i usuwanie dokumentów wystawcy per wydarzenie,"Podpięcie przesyłania, listowania i usuwania dokumentów wystawcy per wydarzenie. Naprawa znacznika mediów społecznościowych. Dodanie funkcjonalności pobierania. Rozwiązanie problemów z hydracją i blokowaniem kliknięć. Dodanie szczegółowych logów do diagnostyki. Poprawki typów. Zachowanie zachowania interfejsu użytkownika. Panel administracyjny nagród targowych.",12
2025-08-19,Scalenie widoku wystawców z wydarzeniami i poprawki kompilacji,"Scalenie gałęzi widoku wystawców z wydarzeniami w panelu administracyjnym. Naprawa błędów kompilacji we wdrożeniu: naprawa zależności warunków reakcji, usunięcie nieużywanego stanu i właściwości, uproszczenie kodowania wyrażenia regularnego. Panel administracyjny wystawców.",6
2025-08-13,Układ bazy wydarzeń z responsywnością i portal dokumentów,"Interfejs: układ bazy wydarzeń z responsywnością, naprawa dostępności (poprawność kotwicy) dla linku wybierz. Portal webowy: portal dokumentów jeden do jeden oraz poprawki checklisty i routing.",10
2025-08-12,Układ pulpitu checklisty i przepływ wydarzeń targowych,"Portal webowy: zastosowanie układu pulpitu checklisty z projektu graficznego (lewa kolumna boczna i główna treść), podpięcie trasy i menu, zachowanie górnego menu. Wydarzenia targowe: działający lokalny przepływ (tworzenie i lista), logowanie backendu i trasy, baza danych, walidacja, odświeżanie interfejsu, błędy, formularz, lista, logika, redukcja szumu konsoli deweloperskiej (wyłączenie logów konfiguracji, kontrolowane wstępne ładowania). Interfejs: formatowanie daty i czasu wydarzeń targowych. Naprawa walidacji zakresu dat.",16
2025-08-12,Natychmiastowy podgląd brandingu i karta wystawcy w portalu,"Interfejs: natychmiastowy podgląd brandingu po przesłaniu lub usunięciu (natychmiastowe przeładowanie plików brandingu). Naprawa zależności warunków reakcji (usunięcie przestarzałego logu konsoli). Eliminacja zależności wywołania zwrotnego. Naprawa nieużywanych parametrów dla obsługi usuwania wydarzenia z wystawcy. Interfejs (portal webowy): widok karty wystawcy zaimportowany i podpięty, dynamiczne dane wystawcy we wpisie katalogowym, naprawa zasobów, przywrócenie opakowania informacji targowych.",8
2025-08-11,Strona informacji targowych zgodna z projektem i wyrównanie menu oraz upsert,"Portal webowy: strona informacji targowych wyrównana do układu z projektu graficznego, dynamiczny nagłówek wydarzenia, mapowanie hal, naprawa uprawnień pobierania informacji targowych, poprawki typów, opakowanie trasy. Naprawa menu portalu: usunięcie lepkiego rozlewania tła, dopasowanie do statycznego paska aplikacji interfejsu, wyśrodkowany pasek narzędzi, zachowanie karty z cieniem. Portal webowy: użycie nowego komponentu menu w pulpicie, czyszczenie nieużywanych importów. Naprawa bazy danych: zapewnienie że spaces_targowe ma ścieżkę pliku i oryginalną nazwę pliku przez dodanie kolumn. Naprawa informacji targowych: użycie upsert, atomiczna wymiana powiązanych dni zabudowy i przestrzeni (uniknięcie błędów serwera), usunięcie wstępnego usuwania. Normalizacja pól czasu do formatu godzin, minut, sekund (uniknięcie błędów parsowania czasu bazy danych). Dodanie walidacji wejścia, wartości domyślnych, lepszego logowania błędów (zapobieganie błędom żądań we wdrożeniu). Naprawa brandingu: zezwolenie na osadzanie zasobów między źródłami, dynamiczny mechanizm współdzielenia zasobów między źródłami na endpointach serwowania. Informacje targowe: autozapis planu hali przy dodaniu. Nagłówek polityki między źródłami między źródłami.",16
2025-08-08,Naprawa duplikatów grafiki wektorowej i dodanie ikon,"Naprawa rozszerzeń plików grafiki wektorowej: usunięcie duplikatów z podwójnym rozszerzeniem. Dodanie poprawnych plików grafiki wektorowej. Kompletne scalenie: dodanie nowych ikon grafiki wektorowej i aktualizacja stron użytkowników i wystawców. Dodanie 6 ikon grafiki wektorowej.",4
2025-08-07,Podłączenie endpointów do strony karty wystawcy i poprawki,"Podłączenie endpointów do nowej strony karty wystawcy: przypisanie wydarzenia, funkcjonalność resetowania hasła. Kopia zapasowa bieżącego stanu przed scaleniem inicjalizacji strony karty wystawcy. Naprawa ścieżek nawigacyjnych strony wystawców, ikony kosza na stronie wystawcy, ikony kosza, ścieżek nawigacyjnych strony użytkownika, obsługi przesłania w oknie dodawania użytkownika wskaźnik kursora. Końcowe poprawki po scaleniu - usunięto nieużywane importy, naprawiono ostrzeżenia definicji typów, interfejs buduje się pomyślnie. Commity inicjalizacji.",10
2025-08-06,Nowy projekt okna dodawania wystawcy,"Dodano nowy projekt okna dodawania wystawcy z gałęzi dostawcy zadań. Naprawa błędów narzędzi kontroli jakości kodu dla wdrożenia: dodano wywołanie zwrotne do ustawienia pokazywania opcji w polu niestandardowym.",5
2025-08-06,Globalny system plików brandingowych wydarzeń,Implementacja globalnego systemu plików brandingowych dla wydarzeń (tabela plików brandingowych wystawy i endpointy).,6
2025-08-05,Dynamiczne wyświetlanie wydarzeń i autoryzacja oparta na rolach,"Implementacja dynamicznego wyświetlania wydarzeń dla wystawców w pulpicie portalu webowego. Naprawa pozycjonowania pól CSS (zapobieganie nakładaniu się trzeciego pola). Implementacja autoryzacji opartej na rolach dla paneli administratora i wystawcy. Dodano pole hasła do formularza dodawania wystawców.",10
2025-08-05,Przesyłanie dokumentów i naprawa brandingu,"Funkcjonalność przesyłania dokumentów dla wystawców. Naprawa ograniczenia klucza obcego w plikach brandingowych wystawcy. Naprawa wyszukiwania wystawcy w kontrolerze brandingu. Naprawa przesyłania brandingu wystawcy (zapytanie z tabeli użytkowników z filtrem roli).",8
2025-08-05,Przepisanie strony karty wystawcy i szczegółów wydarzenia na nowy projekt,"Usunięcie przycisków kategorii ze strony karty wystawcy. Naprawienie struktury składni XML i szerokości menu. Naprawienie warunków reakcji na stronie szczegółów wydarzenia. Przepisanie strony szczegółów wydarzenia i strony karty wystawcy na nowy projekt z grafiki wystawców.",10
2025-08-04,Przypisywanie wystawcy do wydarzenia i usuwanie,"Dodanie funkcjonalności przypisywania wystawcy do wydarzenia (okno przypisywania wydarzenia). Zabezpieczenie systemu i dodanie funkcji usuwania wydarzeń. Naprawa wyświetlania prawdziwych danych wydarzenia na stronie szczegółów wydarzenia. Naprawa błędu narzędzia kontroli jakości kodu w oknie przypisywania wydarzenia (kompilacja).",8
2025-07-30,Zastosowanie zmian z gałęzi inicjalizacji panelu administracyjnego,Zastosowanie zmian z gałęzi inicjalizacji panelu administracyjnego. Naprawa brakujących zależności w wywołaniu zwrotnym okna dodawania użytkownika krótkiego.,4
2025-07-29,Podstrona zaproszeń w bazie wydarzeń,"Dodano podstronę zaproszeń w bazie wydarzeń. Naprawiono błędy narzędzia kontroli jakości kodu w komponencie zaproszeń (ładowanie danych zaproszenia).",8
2025-07-28,System przesyłania plików dla brandingu wystawcy,"Implementacja systemu przesyłania plików dla brandingu wystawcy (biblioteka przesyłania i przechowywanie plików). Dodanie folderu przesyłania do plików ignorowanych. Rozwiązanie ostrzeżenia narzędzia kontroli jakości kodu dla kompilacji wdrożenia.",10
2025-07-25,Ujednolicona struktura układu i branding z projektu,"Zastąpienie sekcji brandingu strony szczegółów wydarzenia polami projektu graficznego. Zastosowanie ujednoliconej struktury układu do stron wydarzeń, wystawców, użytkowników, strony karty wystawcy. Naprawa nawigacji szczegółów wydarzenia (włączenie klikania kart wydarzeń), przeskakiwania strony. Naprawa importów strony szczegółów wydarzenia (ścieżka menu, usunięcie nieobsługiwanych właściwości stylów z komponentu typografii niestandardowej). Czyszczenie plików mobilnych i aktualizacja komponentów interfejsu.",12
2025-07-24,Inicjalizacja strony domowej panelu administracyjnego,Inicjalizacja strony domowej panelu administracyjnego. Inicjalizacja logo administratora.,4
2025-07-18,Strona szczegółów wydarzenia i karta wystawcy,"Dodano stronę szczegółów wydarzenia - nowy szczegółowy widok dla wydarzeń wystawienniczych. Dodano kartę wystawcy i poprawiono wyświetlanie najbliższych wydarzeń.",8
2025-07-17,Ujednolicenie pozycjonowania menu i przeprojektowanie dodawania wydarzenia,"Ujednolicenie pozycjonowania menu na wszystkich stronach i naprawa funkcjonalności okna dodawania wydarzenia. Przeprojektowanie wyskakującego okna dodawania wydarzenia na styl biblioteki interfejsu podobny do wyskakującego okna dodawania wystawcy. Zmiana tła okna na szare. Zmiana układu pulpitu z 3+1 na 2+2 elementy w rzędzie.",8
2025-07-17,Kompleksowa funkcjonalność wydarzeń i wystawców,"Dodano funkcjonalność wydarzeń i przypisywania wystawców. Dodano kompleksową funkcjonalność wystawców. Aktualizacja interfejsu: silna typizacja z arkuszami stylów modułowymi i komponentami niestandardowymi. Strona logowania administratora.",16
2025-07-15,Refaktoryzacja interfejsu z biblioteką komponentów,Refaktoryzacja interfejsu: migracja do biblioteki komponentów Material i arkuszy stylów modułowych.,12
